state_abbr,i_InterventionID,i_Intervention_Name,findings_n,studies_n,weighted_outcome_sample,mean_effect_size_wwc,median_effect_size_wwc,pct_positive_effect_size,mean_improvement_index,intervention_name
AK,552.0,Earobics®,4,1,131.0,-0.01012512675465825,0.0706565025380925,75.0,-0.25,Earobics®
AK,727.0,Reciprocal Teaching,7,1,84.0,0.5002533008206901,0.365433915422193,85.71428571428571,17.571428571428573,Reciprocal Teaching
AK,750.0,Core-Plus Mathematics,9,1,462.72727272727275,0.3750378161015652,0.289480191481847,77.77777777777779,13.0,Core-Plus Mathematics
AL,17.0,Saxon Math,1,1,46.5625,0.112191716858976,0.112191716858976,100.0,4.0,Saxon Math
AL,214.0,Success for All®,10,1,875.5833333333333,0.15719305656822333,0.206750183071705,57.14285714285714,5.9,Success for All®
AL,309.0,Accelerated Math® ,10,2,602.2916666666666,0.2527000079872857,0.243,100.0,9.857142857142858,Accelerated Math® 
AL,762.0,Spelling Mastery,4,1,168.0,0.48778252756940127,0.4835484105087915,100.0,16.5,Spelling Mastery
AL,767.0,Coping Power,6,2,1820.0,0.1668644115547683,0.1660363688625015,100.0,6.0,Coping Power
AL,818.0,Cognitive Tutor Algebra I,4,2,2369.285714285714,0.07118220383737028,0.07118220383737028,50.0,1.25,Cognitive Tutor Algebra I
AR,19.0,Knowledge is Power Program (KIPP),22,1,37873.22222222222,0.19397960096453054,0.195479994650883,100.0,7.636363636363637,Knowledge is Power Program (KIPP)
AR,309.0,Accelerated Math® ,8,1,280.54166666666663,0.2946,0.249,100.0,11.6,Accelerated Math® 
AZ,17.0,Saxon Math,1,1,46.5625,0.112191716858976,0.112191716858976,100.0,4.0,Saxon Math
AZ,214.0,Success for All®,10,1,875.5833333333333,0.15719305656822333,0.206750183071705,57.14285714285714,5.9,Success for All®
AZ,290.0,"Investigations in Number, Data, and Space®",2,1,83.25,0.11467330185640134,0.11467330185640134,50.0,4.5,"Investigations in Number, Data, and Space®"
AZ,325.0,Read Naturally,4,1,376.0,0.07926285277370987,0.09067921487866204,75.0,3.25,Read Naturally
AZ,529.0,Successmaker,23,1,887.7142857142857,0.021395209620030203,0.0159998686824148,52.17391304347826,0.782608695652174,Successmaker
AZ,623.0,JOBSTART,4,1,431.22222222222223,,,,13.75,JOBSTART
AZ,726.0,Project CRISS®,3,1,578.125,-0.0166493649416042,-0.0321735993734571,33.33333333333333,-0.6666666666666666,Project CRISS®
AZ,742.0,READ 180®,6,1,6948.0,0.22978919920647647,0.2163275102587825,100.0,8.833333333333334,READ 180®
AZ,1279.0,Prentice Hall/Pearson Literature© (2007-15),2,1,527.25,-0.01469072360644005,-0.01469072360644005,50.0,-0.5,Prentice Hall/Pearson Literature© (2007-15)
CA,6.0,Teach for America (TFA),2,1,571.6666666666666,0.09274873159973471,0.09274873159973471,100.0,3.5,Teach for America (TFA)
CA,17.0,Saxon Math,1,1,46.5625,0.112191716858976,0.112191716858976,100.0,4.0,Saxon Math
CA,19.0,Knowledge is Power Program (KIPP),24,3,13022.623376623376,0.24447012943367374,0.2265016220860955,100.0,9.625,Knowledge is Power Program (KIPP)
CA,103.0,Caring School Community (CSC),20,1,5800.0,0.20355566953023838,0.149290497175434,80.0,8.5,Caring School Community (CSC)
CA,214.0,Success for All®,17,2,2284.5833333333335,-0.15710738423355627,-0.03216197610154655,28.57142857142857,-3.823529411764706,Success for All®
CA,232.0,Open Court Reading©,1,1,434.0,0.307991146726936,0.307991146726936,100.0,12.0,Open Court Reading©
CA,235.0,Project Read,4,2,108.0,0.117937850957257,0.117937850957257,100.0,1.25,Project Read
CA,245.0,Instructional Conversations and Literature Logs,4,1,336.0,0.6988423620232764,0.6461040976256796,100.0,25.75,Instructional Conversations and Literature Logs
CA,261.0,Lions Quest -- Skills for Adolescence,10,1,12289.5,,,,1.6,Lions Quest -- Skills for Adolescence
CA,289.0,Houghton Mifflin Mathematics,7,2,1251.6666666666667,,,,0.0,Houghton Mifflin Mathematics
CA,309.0,Accelerated Math® ,8,1,280.54166666666663,0.2946,0.249,100.0,11.6,Accelerated Math® 
CA,316.0,High School Redirection,5,1,1718.0,0.3392047460374557,0.264855112035891,100.0,11.2,High School Redirection
CA,319.0,Twelve Together,2,1,438.0,-0.153896123115872,-0.153896123115872,0.0,3.5,Twelve Together
CA,321.0,Career Academies,3,1,710.1666666666666,0.0899708731321358,0.0899708731321358,100.0,7.0,Career Academies
CA,322.0,Achievement for Latinos through Academic Success (ALAS),2,1,175.0,0.4540735056563775,0.4540735056563775,100.0,30.5,Achievement for Latinos through Academic Success (ALAS)
CA,325.0,Read Naturally,19,1,2050.0,0.0644553636351259,0.0665799978446059,78.94736842105263,2.5789473684210527,Read Naturally
CA,326.0,Vocabulary Improvement Program for English Language Learners and Their Classmates (VIP),6,1,32.0,0.42597808017449806,0.4391422737381395,83.33333333333334,16.0,Vocabulary Improvement Program for English Language Learners and Their Classmates (VIP)
CA,365.0,Financial Incentives for Teen Parents to Stay in School,2,1,1812.0,,,,7.0,Financial Incentives for Teen Parents to Stay in School
CA,393.0,National Guard Youth ChalleNGe Program,1,1,119.60000000000001,,,,23.0,National Guard Youth ChalleNGe Program
CA,418.0,Literacy Express,32,2,4257.0,0.423369302851381,0.437654278513659,96.875,16.0,Literacy Express
CA,425.0,Pre-K Mathematics,32,5,9764.5,0.23487435509400903,0.192163675328233,100.0,8.9375,Pre-K Mathematics
CA,434.0,Summer Training and Education Program (STEP),4,1,1285.5,,,,-0.75,Summer Training and Education Program (STEP)
CA,529.0,Successmaker,23,1,887.7142857142857,0.021395209620030203,0.0159998686824148,52.17391304347826,0.782608695652174,Successmaker
CA,552.0,Earobics®,8,1,592.0,0.3010179198520214,0.185394376970147,100.0,11.5,Earobics®
CA,621.0,New Chance,1,1,207.9,,,,8.0,New Chance
CA,623.0,JOBSTART,4,1,431.22222222222223,,,,13.75,JOBSTART
CA,718.0,Service and Conservation Corps,1,1,156.5,,,,-2.0,Service and Conservation Corps
CA,726.0,Project CRISS®,3,1,578.125,-0.0166493649416042,-0.0321735993734571,33.33333333333333,-0.6666666666666666,Project CRISS®
CA,727.0,Reciprocal Teaching,1,1,50.0,,,,0.0,Reciprocal Teaching
CA,742.0,READ 180®,3,1,187.33333333333331,0.34881339986456966,0.237108477373884,100.0,13.0,READ 180®
CA,743.0,Lovaas Model of Applied Behavior Analysis,1,1,28.0,0.743166842284172,0.743166842284172,100.0,27.0,Lovaas Model of Applied Behavior Analysis
CA,750.0,Core-Plus Mathematics,9,1,462.72727272727275,0.3750378161015652,0.289480191481847,77.77777777777779,13.0,Core-Plus Mathematics
CA,794.0,DreamBox Learning,1,1,557.0,0.171403204540762,0.171403204540762,100.0,4.0,DreamBox Learning
CA,797.0,Linked Learning Communities,14,1,6267.5,,,,-0.5714285714285714,Linked Learning Communities
CA,825.0,First year experience courses,1,1,636.0,0.0852732030559212,0.0852732030559212,100.0,3.0,First year experience courses
CA,1279.0,Prentice Hall/Pearson Literature© (2007-15),15,3,3277.583333333333,-0.0013771554836284061,-0.0079294074023467,46.666666666666664,0.06666666666666667,Prentice Hall/Pearson Literature© (2007-15)
CA,1284.0,Achieve3000®,6,1,19082.0,,,,4.666666666666667,Achieve3000®
CA,1291.0,Green Dot Public Schools,77,1,40261.0,0.18728237465912279,0.15136480587714052,80.26315789473685,7.276315789473684,Green Dot Public Schools
CA,1581.0,Year Up,1,1,232.375,1.0008220792979,1.0008220792979,100.0,34.0,Year Up
CA,1629.0,Growth Mindset,3,1,186.0,0.8596545035233171,0.899490105005895,100.0,30.666666666666668,Growth Mindset
CA,1846.0,Pathway to Academic Success (Pathway Project),15,3,14341.0,0.3421844335590609,0.249627051218299,100.0,12.933333333333334,Pathway to Academic Success (Pathway Project)
CO,19.0,Knowledge is Power Program (KIPP),35,2,39827.131313131315,0.20903944694255713,0.229968288983869,100.0,8.257142857142858,Knowledge is Power Program (KIPP)
CO,324.0,Read Well®,3,1,102.0,0.16061008063966506,-0.0153939898006027,33.33333333333333,6.0,Read Well®
CO,380.0,Transition Mathematics,3,1,220.20000000000002,0.19659720964456398,0.167228420541107,100.0,7.666666666666667,Transition Mathematics
CO,621.0,New Chance,1,1,207.9,,,,8.0,New Chance
CO,623.0,JOBSTART,4,1,431.22222222222223,,,,13.75,JOBSTART
CO,745.0,Advancement Via Individual Determination (AVID),1,1,96.0,,,,0.0,Advancement Via Individual Determination (AVID)
CO,750.0,Core-Plus Mathematics,9,1,462.72727272727275,0.3750378161015652,0.289480191481847,77.77777777777779,13.0,Core-Plus Mathematics
CO,1279.0,Prentice Hall/Pearson Literature© (2007-15),4,1,1084.3333333333333,-0.005002166902768201,0.00555938059925145,50.0,0.0,Prentice Hall/Pearson Literature© (2007-15)
CO,1287.0,Leveled Literacy Intervention,28,1,2201.0,0.2689653188787374,0.29751265673126304,78.57142857142857,10.214285714285714,Leveled Literacy Intervention
CO,1373.0,Science Teachers Learning from Lesson Analysis (STeLLA),1,1,2823.0,0.684979011700774,0.684979011700774,100.0,25.0,Science Teachers Learning from Lesson Analysis (STeLLA)
CT,17.0,Saxon Math,12,1,1693.6000000000001,0.11020461145858564,0.09383746952507925,75.0,4.333333333333333,Saxon Math
CT,290.0,"Investigations in Number, Data, and Space®",24,1,4806.400000000001,-0.035791488519723066,-0.0296202721671157,25.0,-2.125,"Investigations in Number, Data, and Space®"
CT,311.0,Scott Foresman-Addison Wesley Elementary Mathematics,6,1,1221.6000000000001,-0.09049112192376868,-0.0962381355216201,16.666666666666664,-3.8333333333333335,Scott Foresman-Addison Wesley Elementary Mathematics
CT,623.0,JOBSTART,4,1,431.22222222222223,,,,13.75,JOBSTART
CT,818.0,Cognitive Tutor Algebra I,6,3,4213.619047619048,0.07118220383737028,0.07118220383737028,50.0,0.8333333333333334,Cognitive Tutor Algebra I
CT,1175.0,Math Expressions,9,1,1513.5,0.05732518513555702,0.0275963385712838,88.88888888888889,2.2222222222222223,Math Expressions
CT,1194.0,Integrated Basic Education and Skills Training (I-BEST),5,1,1294.25,0.357605673807994,0.357605673807994,100.0,5.8,Integrated Basic Education and Skills Training (I-BEST)
DC,19.0,Knowledge is Power Program (KIPP),35,2,39827.131313131315,0.20903944694255713,0.229968288983869,100.0,8.257142857142858,Knowledge is Power Program (KIPP)
DC,261.0,Lions Quest -- Skills for Adolescence,10,1,12289.5,,,,1.6,Lions Quest -- Skills for Adolescence
DC,321.0,Career Academies,3,1,710.1666666666666,0.0899708731321358,0.0899708731321358,100.0,7.0,Career Academies
DC,323.0,Quantum Opportunity Program,2,1,280.0,0.0454642744943638,0.0454642744943638,100.0,3.0,Quantum Opportunity Program
DC,361.0,Voyager Universal Literacy System®,7,1,1393.0,0.45525812958537654,0.484304176259957,100.0,16.857142857142858,Voyager Universal Literacy System®
DC,1581.0,Year Up,1,1,232.375,1.0008220792979,1.0008220792979,100.0,34.0,Year Up
DE,309.0,Accelerated Math® ,3,1,210.0,0.0830366562239247,0.0830366562239247,100.0,-0.3333333333333333,Accelerated Math® 
FL,7.0,Peer-Assisted Learning Strategies,1,1,130.0,0.438888394036872,0.438888394036872,100.0,17.0,Peer-Assisted Learning Strategies
FL,17.0,Saxon Math,12,1,1693.6000000000001,0.11020461145858564,0.09383746952507925,75.0,4.333333333333333,Saxon Math
FL,62.0,Facilitating Long-term Improvements in Graduation and Higher Education for Tomorrow (FLIGHT),3,1,661.0,0.3916105312758333,-0.0070311560974962,33.33333333333333,12.333333333333334,Facilitating Long-term Improvements in Graduation and Higher Education for Tomorrow (FLIGHT)
FL,187.0,Lessons in Character,8,1,1024.0,0.36373145208230023,0.3821166141590635,100.0,11.125,Lessons in Character
FL,230.0,Lexia Reading,14,1,352.0,0.3423805622108735,0.161025596006906,50.0,7.928571428571429,Lexia Reading
FL,232.0,Open Court Reading©,2,1,266.0,0.225892052244969,0.225892052244969,100.0,8.0,Open Court Reading©
FL,240.0,Headsprout Early Reading,2,1,124.0,0.573377963737796,0.573377963737796,100.0,22.0,Headsprout Early Reading
FL,247.0,Peer Tutoring and Response Groups,2,1,59.0,0.10192046767874899,0.10192046767874899,100.0,-2.0,Peer Tutoring and Response Groups
FL,250.0,Too Good For Violence (TGFV),2,1,1996.0,0.4853973473436725,0.4853973473436725,100.0,17.0,Too Good For Violence (TGFV)
FL,251.0,Too Good for Drugs (TGFD),12,2,5988.0,0.17121755724508841,0.154211836559808,90.0,7.5,Too Good for Drugs (TGFD)
FL,252.0,Too Good for Drugs and Violence (TGFD & V),14,2,3122.0,0.42605382404315717,0.5110378261460315,100.0,15.857142857142858,Too Good for Drugs and Violence (TGFD & V)
FL,269.0,Lions Quest -- Skills for Action,1,1,104.28571428571428,0.127630114071465,0.127630114071465,100.0,5.0,Lions Quest -- Skills for Action
FL,271.0,Dialogic Reading,8,1,471.0,0.2071815589021691,-0.004161892607738152,50.0,6.875,Dialogic Reading
FL,277.0,Shared Book Reading,10,2,232.0,0.152359630270189,0.13475915737346125,50.0,5.6,Shared Book Reading
FL,290.0,"Investigations in Number, Data, and Space®",24,1,4806.400000000001,-0.035791488519723066,-0.0296202721671157,25.0,-2.125,"Investigations in Number, Data, and Space®"
FL,309.0,Accelerated Math® ,2,1,321.75,0.14795002795549989,0.14795002795549989,100.0,5.5,Accelerated Math® 
FL,311.0,Scott Foresman-Addison Wesley Elementary Mathematics,6,1,1221.6000000000001,-0.09049112192376868,-0.0962381355216201,16.666666666666664,-3.8333333333333335,Scott Foresman-Addison Wesley Elementary Mathematics
FL,320.0,Talent Search,1,1,1800.0,,,,19.0,Talent Search
FL,321.0,Career Academies,3,1,710.1666666666666,0.0899708731321358,0.0899708731321358,100.0,7.0,Career Academies
FL,361.0,Voyager Universal Literacy System®,10,1,2130.0,0.025469501885634394,0.012020958554053052,50.0,1.0,Voyager Universal Literacy System®
FL,380.0,Transition Mathematics,3,1,220.20000000000002,0.19659720964456398,0.167228420541107,100.0,7.666666666666667,Transition Mathematics
FL,393.0,National Guard Youth ChalleNGe Program,1,1,119.60000000000001,,,,23.0,National Guard Youth ChalleNGe Program
FL,397.0,Curiosity Corner,9,1,586.3333333333333,,,,2.6666666666666665,Curiosity Corner
FL,418.0,Literacy Express,16,2,4177.0,0.1448933013128515,0.116055063173397,75.0,5.1875,Literacy Express
FL,464.0,Fast ForWord®,1,1,38.0,0.492861783237548,0.492861783237548,100.0,19.0,Fast ForWord®
FL,552.0,Earobics®,14,1,356.0,0.9177006590446846,0.8053111683063795,92.85714285714286,26.714285714285715,Earobics®
FL,621.0,New Chance,1,1,207.9,,,,8.0,New Chance
FL,665.0,Lindamood Phoneme Sequencing (LiPS),14,1,700.0,0.20315263969630565,0.10184692898257736,57.14285714285714,7.357142857142857,Lindamood Phoneme Sequencing (LiPS)
FL,718.0,Service and Conservation Corps,1,1,156.5,,,,-2.0,Service and Conservation Corps
FL,726.0,Project CRISS®,5,2,809.125,0.4167751107376831,0.0238062689731648,60.0,13.8,Project CRISS®
FL,733.0,Reading Plus®,1,1,13128.0,0.0557537309467481,0.0557537309467481,100.0,2.0,Reading Plus®
FL,742.0,READ 180®,3,1,187.33333333333331,0.34881339986456966,0.237108477373884,100.0,13.0,READ 180®
FL,753.0,I CAN Learn®,8,1,17662.0,0.0472328440530477,0.0943472755050268,60.0,2.0,I CAN Learn®
FL,784.0,Great Explorations in Math and Science (GEMS) Space Science Sequence,1,1,2594.0,,,,7.0,Great Explorations in Math and Science (GEMS) Space Science Sequence
FL,790.0,LANGUAGE!®,2,1,1272.0,,,,-2.5,LANGUAGE!®
FL,797.0,Linked Learning Communities,14,1,8918.0,0.0925004791303219,0.0925004791303219,100.0,1.0,Linked Learning Communities
FL,818.0,Cognitive Tutor Algebra I,2,1,750.0,-0.07870075088132886,-0.07870075088132886,50.0,-3.0,Cognitive Tutor Algebra I
FL,1077.0,Xtreme Reading,7,1,1167.4444444444443,0.04607932929627497,0.0417442521507802,100.0,1.7142857142857142,Xtreme Reading
FL,1166.0,National Board for Professional Teaching Standards (NBPTS) Certification,1,1,3592.0,0.0111279318167103,0.0111279318167103,100.0,0.0,National Board for Professional Teaching Standards (NBPTS) Certification
FL,1175.0,Math Expressions,9,1,1513.5,0.05732518513555702,0.0275963385712838,88.88888888888889,2.2222222222222223,Math Expressions
FL,1241.0,Functional Behavioral Assessment-based Interventions,2,1,2.0,,,,,Functional Behavioral Assessment-based Interventions
FL,1292.0,Self-Regulated Strategy Development,1,1,4.0,,,,,Self-Regulated Strategy Development
FL,1326.0,I CAN Learn® Algebra,3,1,1372.0,0.17814619324936048,0.17814619324936048,100.0,7.0,I CAN Learn® Algebra
FL,1623.0,Single Stop,4,1,9621.0,0.0839547112438706,0.0593227093463462,75.0,3.5,Single Stop
GA,17.0,Saxon Math,1,1,46.5625,0.112191716858976,0.112191716858976,100.0,4.0,Saxon Math
GA,19.0,Knowledge is Power Program (KIPP),41,3,40290.8455988456,0.19953975181199887,0.175708448371066,100.0,7.878048780487805,Knowledge is Power Program (KIPP)
GA,99.0,ACT/SAT Test Preparation and Coaching Programs,1,1,70.0,0.485168766157015,0.485168766157015,100.0,19.0,ACT/SAT Test Preparation and Coaching Programs
GA,214.0,Success for All®,10,1,875.5833333333333,0.15719305656822333,0.206750183071705,57.14285714285714,5.9,Success for All®
GA,232.0,Open Court Reading©,2,1,266.0,0.225892052244969,0.225892052244969,100.0,8.0,Open Court Reading©
GA,309.0,Accelerated Math® ,8,1,280.54166666666663,0.2946,0.249,100.0,11.6,Accelerated Math® 
GA,393.0,National Guard Youth ChalleNGe Program,1,1,119.60000000000001,,,,23.0,National Guard Youth ChalleNGe Program
GA,483.0,Creative Curriculum for Preschool,9,1,760.5,-0.020522128170763387,-0.0414572930689729,44.44444444444444,-0.3333333333333333,Creative Curriculum for Preschool
GA,623.0,JOBSTART,4,1,431.22222222222223,,,,13.75,JOBSTART
GA,646.0,Accelerated Middle Schools,2,1,280.0,1.54813350719971,1.54813350719971,100.0,32.5,Accelerated Middle Schools
GA,726.0,Project CRISS®,3,1,578.125,-0.0166493649416042,-0.0321735993734571,33.33333333333333,-0.6666666666666666,Project CRISS®
GA,742.0,READ 180®,3,1,187.33333333333331,0.34881339986456966,0.237108477373884,100.0,13.0,READ 180®
GA,750.0,Core-Plus Mathematics,9,1,462.72727272727275,0.3750378161015652,0.289480191481847,77.77777777777779,13.0,Core-Plus Mathematics
GA,814.0,Summer Counseling,20,1,7115.0,0.06652589711733413,0.12783138924898851,80.0,2.9,Summer Counseling
GA,1194.0,Integrated Basic Education and Skills Training (I-BEST),5,1,1294.25,0.357605673807994,0.357605673807994,100.0,5.8,Integrated Basic Education and Skills Training (I-BEST)
GA,1287.0,Leveled Literacy Intervention,34,1,1953.5,0.3231532575010971,0.24895804886850098,97.05882352941177,11.911764705882353,Leveled Literacy Intervention
GA,1581.0,Year Up,1,1,232.375,1.0008220792979,1.0008220792979,100.0,34.0,Year Up
HI,208.0,Positive Action (PA),10,1,23940.0,,,,17.8,Positive Action (PA)
HI,818.0,Cognitive Tutor Algebra I,1,1,344.0,-0.176474395175307,-0.176474395175307,0.0,-7.0,Cognitive Tutor Algebra I
IA,309.0,Accelerated Math® ,8,1,280.54166666666663,0.2946,0.249,100.0,11.6,Accelerated Math® 
IA,750.0,Core-Plus Mathematics,9,1,462.72727272727275,0.3750378161015652,0.289480191481847,77.77777777777779,13.0,Core-Plus Mathematics
ID,232.0,Open Court Reading©,2,1,266.0,0.225892052244969,0.225892052244969,100.0,8.0,Open Court Reading©
ID,309.0,Accelerated Math® ,8,1,280.54166666666663,0.2946,0.249,100.0,11.6,Accelerated Math® 
ID,750.0,Core-Plus Mathematics,9,1,462.72727272727275,0.3750378161015652,0.289480191481847,77.77777777777779,13.0,Core-Plus Mathematics
IL,6.0,Teach for America (TFA),2,1,571.6666666666666,0.09274873159973471,0.09274873159973471,100.0,3.5,Teach for America (TFA)
IL,117.0,Heartwood Ethics Curriculum/An Ethics Curriculum for Children,7,1,1511.5,0.09188581215146151,0.10074104966565,57.14285714285714,1.8571428571428572,Heartwood Ethics Curriculum/An Ethics Curriculum for Children
IL,214.0,Success for All®,10,1,875.5833333333333,0.15719305656822333,0.206750183071705,57.14285714285714,5.9,Success for All®
IL,277.0,Shared Book Reading,1,1,232.0,,,,3.0,Shared Book Reading
IL,309.0,Accelerated Math® ,8,1,280.54166666666663,0.2946,0.249,100.0,11.6,Accelerated Math® 
IL,380.0,Transition Mathematics,3,1,220.20000000000002,0.19659720964456398,0.167228420541107,100.0,7.666666666666667,Transition Mathematics
IL,393.0,National Guard Youth ChalleNGe Program,1,1,119.60000000000001,,,,23.0,National Guard Youth ChalleNGe Program
IL,552.0,Earobics®,6,1,180.0,0.6015453510032371,0.5989630100161154,100.0,21.833333333333332,Earobics®
IL,621.0,New Chance,1,1,207.9,,,,8.0,New Chance
IL,623.0,JOBSTART,4,1,431.22222222222223,,,,13.75,JOBSTART
IL,1194.0,Integrated Basic Education and Skills Training (I-BEST),18,1,65111.5,0.23332168810568782,0.2574483230484125,80.0,8.9,Integrated Basic Education and Skills Training (I-BEST)
IL,1279.0,Prentice Hall/Pearson Literature© (2007-15),13,2,2750.333333333333,0.0006710857660349243,-0.0079294074023467,46.15384615384615,0.15384615384615385,Prentice Hall/Pearson Literature© (2007-15)
IL,1448.0,Passport Reading Journeys,2,1,962.0,-0.062400534344235155,-0.062400534344235155,0.0,-2.5,Passport Reading Journeys
IL,1581.0,Year Up,1,1,232.375,1.0008220792979,1.0008220792979,100.0,34.0,Year Up
IN,17.0,Saxon Math,1,1,46.5625,0.112191716858976,0.112191716858976,100.0,4.0,Saxon Math
IN,214.0,Success for All®,42,3,4055.5833333333335,0.14138811447043265,0.139290648358915,71.7948717948718,5.404761904761905,Success for All®
IN,232.0,Open Court Reading©,2,1,266.0,0.225892052244969,0.225892052244969,100.0,8.0,Open Court Reading©
IN,309.0,Accelerated Math® ,8,1,280.54166666666663,0.2946,0.249,100.0,11.6,Accelerated Math® 
IN,425.0,Pre-K Mathematics,2,1,446.0,0.19746180526928164,0.19746180526928164,100.0,8.0,Pre-K Mathematics
IN,464.0,Fast ForWord®,2,1,140.0,0.148039806624427,0.148039806624427,100.0,6.0,Fast ForWord®
IN,529.0,Successmaker,23,1,887.7142857142857,0.021395209620030203,0.0159998686824148,52.17391304347826,0.782608695652174,Successmaker
IN,1629.0,Growth Mindset,7,1,1009.0,0.010502641613167487,-0.0417106353051681,28.57142857142857,0.0,Growth Mindset
KS,204.0,Connect with Kids,4,1,46.0,0.4033177938130863,0.374808111244377,100.0,15.5,Connect with Kids
KS,214.0,Success for All®,10,1,875.5833333333333,0.15719305656822333,0.206750183071705,57.14285714285714,5.9,Success for All®
KS,309.0,Accelerated Math® ,8,1,280.54166666666663,0.2946,0.249,100.0,11.6,Accelerated Math® 
KS,316.0,High School Redirection,5,1,1694.0,0.0359832766867201,-0.0131787357111495,33.33333333333333,-0.4,High School Redirection
KS,397.0,Curiosity Corner,9,1,586.3333333333333,,,,2.6666666666666665,Curiosity Corner
KS,529.0,Successmaker,23,1,887.7142857142857,0.021395209620030203,0.0159998686824148,52.17391304347826,0.782608695652174,Successmaker
KS,541.0,ClassWide Peer Tutoring,1,1,218.0,0.34800627074448,0.34800627074448,100.0,14.0,ClassWide Peer Tutoring
KS,1194.0,Integrated Basic Education and Skills Training (I-BEST),18,1,65111.5,0.23332168810568782,0.2574483230484125,80.0,8.9,Integrated Basic Education and Skills Training (I-BEST)
KY,17.0,Saxon Math,12,1,1693.6000000000001,0.11020461145858564,0.09383746952507925,75.0,4.333333333333333,Saxon Math
KY,290.0,"Investigations in Number, Data, and Space®",24,1,4806.400000000001,-0.035791488519723066,-0.0296202721671157,25.0,-2.125,"Investigations in Number, Data, and Space®"
KY,311.0,Scott Foresman-Addison Wesley Elementary Mathematics,8,2,1500.3500000000001,-0.0798304729948918,-0.0962381355216201,25.0,-3.375,Scott Foresman-Addison Wesley Elementary Mathematics
KY,425.0,Pre-K Mathematics,2,1,446.0,0.19746180526928164,0.19746180526928164,100.0,8.0,Pre-K Mathematics
KY,621.0,New Chance,1,1,207.9,,,,8.0,New Chance
KY,750.0,Core-Plus Mathematics,9,1,462.72727272727275,0.3750378161015652,0.289480191481847,77.77777777777779,13.0,Core-Plus Mathematics
KY,818.0,Cognitive Tutor Algebra I,6,3,4213.619047619048,0.07118220383737028,0.07118220383737028,50.0,0.8333333333333334,Cognitive Tutor Algebra I
KY,1175.0,Math Expressions,9,1,1513.5,0.05732518513555702,0.0275963385712838,88.88888888888889,2.2222222222222223,Math Expressions
KY,1181.0,Literacy Design Collaborative (LDC),3,1,50083.0,0.0259977524197904,0.0139992483759552,66.66666666666666,1.3333333333333333,Literacy Design Collaborative (LDC)
KY,1194.0,Integrated Basic Education and Skills Training (I-BEST),18,1,65111.5,0.23332168810568782,0.2574483230484125,80.0,8.9,Integrated Basic Education and Skills Training (I-BEST)
LA,6.0,Teach for America (TFA),2,1,571.6666666666666,0.09274873159973471,0.09274873159973471,100.0,3.5,Teach for America (TFA)
LA,187.0,Lessons in Character,8,1,1024.0,0.36373145208230023,0.3821166141590635,100.0,11.125,Lessons in Character
LA,726.0,Project CRISS®,3,1,578.125,-0.0166493649416042,-0.0321735993734571,33.33333333333333,-0.6666666666666666,Project CRISS®
LA,803.0,TAP: The System for Teacher and Student Advancement,1,1,28.0,0.145163471874506,0.145163471874506,100.0,6.0,TAP: The System for Teacher and Student Advancement
LA,818.0,Cognitive Tutor Algebra I,6,3,4213.619047619048,0.07118220383737028,0.07118220383737028,50.0,0.8333333333333334,Cognitive Tutor Algebra I
LA,1194.0,Integrated Basic Education and Skills Training (I-BEST),18,1,65111.5,0.23332168810568782,0.2574483230484125,80.0,8.9,Integrated Basic Education and Skills Training (I-BEST)
LA,1448.0,Passport Reading Journeys,5,1,5155.0,0.15096417004671842,0.130950028470985,80.0,6.0,Passport Reading Journeys
LA,1623.0,Single Stop,4,1,9621.0,0.0839547112438706,0.0593227093463462,75.0,3.5,Single Stop
MA,19.0,Knowledge is Power Program (KIPP),41,3,40290.8455988456,0.19953975181199887,0.175708448371066,100.0,7.878048780487805,Knowledge is Power Program (KIPP)
MA,190.0,Voices Literature and Character Education (Voices LACE),2,1,196.0,0.1696718070165425,0.1696718070165425,100.0,6.0,Voices Literature and Character Education (Voices LACE)
MA,230.0,Lexia Reading,7,2,593.0,0.20436849170916865,0.232977109095019,71.42857142857143,8.0,Lexia Reading
MA,290.0,"Investigations in Number, Data, and Space®",2,1,83.25,0.11467330185640134,0.11467330185640134,50.0,4.5,"Investigations in Number, Data, and Space®"
MA,309.0,Accelerated Math® ,8,1,280.54166666666663,0.2946,0.249,100.0,11.6,Accelerated Math® 
MA,326.0,Vocabulary Improvement Program for English Language Learners and Their Classmates (VIP),6,1,32.0,0.42597808017449806,0.4391422737381395,83.33333333333334,16.0,Vocabulary Improvement Program for English Language Learners and Their Classmates (VIP)
MA,434.0,Summer Training and Education Program (STEP),4,1,1285.5,,,,-0.75,Summer Training and Education Program (STEP)
MA,742.0,READ 180®,41,4,9643.333333333334,0.12580000673477432,0.0981548233082967,79.41176470588235,4.121951219512195,READ 180®
MA,814.0,Summer Counseling,32,2,16801.666666666668,0.06122191060081951,0.1041161680130195,75.0,2.59375,Summer Counseling
MA,1077.0,Xtreme Reading,2,1,902.0,-0.0742725075531636,-0.0742725075531636,50.0,-2.5,Xtreme Reading
MA,1517.0,Bottom Line,7,1,6491.0,0.18148173294825373,0.340864516763396,71.42857142857143,7.142857142857143,Bottom Line
MA,1581.0,Year Up,14,2,833.0416666666666,0.025809986101570544,0.1307178235113785,71.42857142857143,1.5714285714285714,Year Up
MA,1618.0,Success Boston Coaching,7,2,21488.0,0.17272952061403846,0.166223654039188,100.0,6.714285714285714,Success Boston Coaching
MA,1623.0,Single Stop,4,1,9621.0,0.0839547112438706,0.0593227093463462,75.0,3.5,Single Stop
MA,2151.0,Building Blocks&trade;,1,1,571.3333333333333,0.551825640992102,0.551825640992102,100.0,21.0,Building Blocks&trade;
MD,1.0,Cooperative Integrated Reading and Composition (CIRC),4,1,3492.0,0.20052414695817,0.2104873281896035,100.0,7.75,Cooperative Integrated Reading and Composition (CIRC)
MD,6.0,Teach for America (TFA),2,1,571.6666666666666,0.09274873159973471,0.09274873159973471,100.0,3.5,Teach for America (TFA)
MD,83.0,Open Learning Initiative (OLI),4,1,1049.5,0.14032134158796683,0.1264856576979925,100.0,5.5,Open Learning Initiative (OLI)
MD,99.0,ACT/SAT Test Preparation and Coaching Programs,2,1,80.0,-0.0422347983142691,-0.0422347983142691,0.0,-1.5,ACT/SAT Test Preparation and Coaching Programs
MD,214.0,Success for All®,52,1,13278.0,0.5359592686056341,0.4712471999123595,94.23076923076923,19.46153846153846,Success for All®
MD,261.0,Lions Quest -- Skills for Adolescence,10,1,12289.5,,,,1.6,Lions Quest -- Skills for Adolescence
MD,269.0,Lions Quest -- Skills for Action,1,1,104.28571428571428,0.127630114071465,0.127630114071465,100.0,5.0,Lions Quest -- Skills for Action
MD,271.0,Dialogic Reading,2,1,242.0,,,,46.0,Dialogic Reading
MD,321.0,Career Academies,3,1,710.1666666666666,0.0899708731321358,0.0899708731321358,100.0,7.0,Career Academies
MD,380.0,Transition Mathematics,3,1,220.20000000000002,0.19659720964456398,0.167228420541107,100.0,7.666666666666667,Transition Mathematics
MD,464.0,Fast ForWord®,3,2,494.0,0.11796912415972885,0.11796912415972885,100.0,1.3333333333333333,Fast ForWord®
MD,773.0,Student Team Reading and Writing (STRW),6,2,18390.0,0.24414517163281568,0.249078239437441,66.66666666666666,7.166666666666667,Student Team Reading and Writing (STRW)
MD,776.0,Chemistry That Applies,2,1,4176.0,0.2852847513538215,0.2852847513538215,100.0,11.5,Chemistry That Applies
MD,780.0,Astronomy Resources for Intercurricular Elementary Science (ARIES): Exploring Motion and Forces,6,1,7711.0,0.017379313724292602,0.018998091210595647,50.0,1.5,Astronomy Resources for Intercurricular Elementary Science (ARIES): Exploring Motion and Forces
MD,789.0,Great Explorations in Math and Science (GEMS) The Real Reasons for Seasons,2,1,4777.0,-0.2619283880576335,-0.2619283880576335,0.0,-10.0,Great Explorations in Math and Science (GEMS) The Real Reasons for Seasons
MD,797.0,Linked Learning Communities,14,1,6267.5,,,,-0.5714285714285714,Linked Learning Communities
MD,819.0,Cognitive Tutor&reg; Geometry,1,1,669.0,-0.193328239109346,-0.193328239109346,0.0,-8.0,Cognitive Tutor&reg; Geometry
MD,1077.0,Xtreme Reading,7,1,1167.4444444444443,0.04607932929627497,0.0417442521507802,100.0,1.7142857142857142,Xtreme Reading
MD,1194.0,Integrated Basic Education and Skills Training (I-BEST),5,1,1294.25,0.357605673807994,0.357605673807994,100.0,5.8,Integrated Basic Education and Skills Training (I-BEST)
MI,99.0,ACT/SAT Test Preparation and Coaching Programs,3,1,392.0,0.35386446940067096,0.346491033467509,100.0,14.0,ACT/SAT Test Preparation and Coaching Programs
MI,261.0,Lions Quest -- Skills for Adolescence,10,1,12289.5,,,,1.6,Lions Quest -- Skills for Adolescence
MI,269.0,Lions Quest -- Skills for Action,1,1,104.28571428571428,0.127630114071465,0.127630114071465,100.0,5.0,Lions Quest -- Skills for Action
MI,290.0,"Investigations in Number, Data, and Space®",6,1,1194.2,-0.03491792480070551,-0.02315567072414025,33.33333333333333,-1.3333333333333333,"Investigations in Number, Data, and Space®"
MI,309.0,Accelerated Math® ,8,1,280.54166666666663,0.2946,0.249,100.0,11.6,Accelerated Math® 
MI,380.0,Transition Mathematics,3,1,220.20000000000002,0.19659720964456398,0.167228420541107,100.0,7.666666666666667,Transition Mathematics
MI,393.0,National Guard Youth ChalleNGe Program,1,1,119.60000000000001,,,,23.0,National Guard Youth ChalleNGe Program
MI,529.0,Successmaker,23,1,887.7142857142857,0.021395209620030203,0.0159998686824148,52.17391304347826,0.782608695652174,Successmaker
MI,621.0,New Chance,1,1,207.9,,,,8.0,New Chance
MI,646.0,Accelerated Middle Schools,2,1,344.0,1.24222539617111,1.24222539617111,100.0,36.0,Accelerated Middle Schools
MI,750.0,Core-Plus Mathematics,9,1,462.72727272727275,0.3750378161015652,0.289480191481847,77.77777777777779,13.0,Core-Plus Mathematics
MI,818.0,Cognitive Tutor Algebra I,6,3,4213.619047619048,0.07118220383737028,0.07118220383737028,50.0,0.8333333333333334,Cognitive Tutor Algebra I
MI,1117.0,Social Belonging,24,1,49143.0,-0.022907888337610816,-0.01110175224065365,29.166666666666668,-0.9166666666666666,Social Belonging
MI,1279.0,Prentice Hall/Pearson Literature© (2007-15),9,1,1666.0,0.003192531396614089,-0.0079294074023467,44.44444444444444,0.2222222222222222,Prentice Hall/Pearson Literature© (2007-15)
MI,1489.0,McREL Balanced Leadership,1,1,124.0,0.450067538,0.450067538,100.0,17.0,McREL Balanced Leadership
MI,1629.0,Growth Mindset,24,1,48981.0,0.05958323732746376,0.0,41.66666666666667,2.3333333333333335,Growth Mindset
MN,7.0,Peer-Assisted Learning Strategies,3,1,1502.3333333333333,0.8575365752542133,0.893101290731852,100.0,30.0,Peer-Assisted Learning Strategies
MN,17.0,Saxon Math,12,1,1693.6000000000001,0.11020461145858564,0.09383746952507925,75.0,4.333333333333333,Saxon Math
MN,290.0,"Investigations in Number, Data, and Space®",24,1,4806.400000000001,-0.035791488519723066,-0.0296202721671157,25.0,-2.125,"Investigations in Number, Data, and Space®"
MN,309.0,Accelerated Math® ,8,1,280.54166666666663,0.2946,0.249,100.0,11.6,Accelerated Math® 
MN,311.0,Scott Foresman-Addison Wesley Elementary Mathematics,6,1,1221.6000000000001,-0.09049112192376868,-0.0962381355216201,16.666666666666664,-3.8333333333333335,Scott Foresman-Addison Wesley Elementary Mathematics
MN,312.0,Check & Connect,4,2,474.0,0.4440826692302699,0.4636924605,100.0,20.0,Check & Connect
MN,325.0,Read Naturally,3,2,244.0,0.294130064188135,0.242139302554675,100.0,11.333333333333334,Read Naturally
MN,621.0,New Chance,1,1,207.9,,,,8.0,New Chance
MN,783.0,Early Risers,7,1,1393.0,,,,3.4285714285714284,Early Risers
MN,1175.0,Math Expressions,9,1,1513.5,0.05732518513555702,0.0275963385712838,88.88888888888889,2.2222222222222223,Math Expressions
MO,17.0,Saxon Math,12,1,1693.6000000000001,0.11020461145858564,0.09383746952507925,75.0,4.333333333333333,Saxon Math
MO,35.0,The Expert Mathematician,1,1,70.0,0.347944730809632,0.347944730809632,100.0,14.0,The Expert Mathematician
MO,58.0,eMINTS Comprehensive Program,10,2,19557.0,-0.006853249385854805,-0.0383272085054311,50.0,0.6,eMINTS Comprehensive Program
MO,102.0,Building Decision Skills,7,1,1966.0,0.21197420333679423,0.1613170822282487,100.0,13.714285714285714,Building Decision Skills
MO,204.0,Connect with Kids,4,1,46.0,0.4033177938130863,0.374808111244377,100.0,15.5,Connect with Kids
MO,214.0,Success for All®,10,1,875.5833333333333,0.15719305656822333,0.206750183071705,57.14285714285714,5.9,Success for All®
MO,290.0,"Investigations in Number, Data, and Space®",18,1,3612.2000000000003,-0.036665052238740614,-0.05171519140049025,16.666666666666664,-2.388888888888889,"Investigations in Number, Data, and Space®"
MO,309.0,Accelerated Math® ,8,1,280.54166666666663,0.2946,0.249,100.0,11.6,Accelerated Math® 
MO,311.0,Scott Foresman-Addison Wesley Elementary Mathematics,6,1,1221.6000000000001,-0.09049112192376868,-0.0962381355216201,16.666666666666664,-3.8333333333333335,Scott Foresman-Addison Wesley Elementary Mathematics
MO,380.0,Transition Mathematics,1,1,70.0,-0.348103917488903,-0.348103917488903,0.0,-14.0,Transition Mathematics
MO,529.0,Successmaker,23,1,887.7142857142857,0.021395209620030203,0.0159998686824148,52.17391304347826,0.782608695652174,Successmaker
MO,814.0,Summer Counseling,3,1,4921.5,0.10440974808460513,0.0854826225064468,66.66666666666666,4.0,Summer Counseling
MO,1175.0,Math Expressions,9,1,1513.5,0.05732518513555702,0.0275963385712838,88.88888888888889,2.2222222222222223,Math Expressions
MO,1571.0,University of Chicago School Mathematics Project (UCSMP) Transitions/Pre-transitions Math,1,1,70.0,0.080954399416024,0.080954399416024,100.0,3.0,University of Chicago School Mathematics Project (UCSMP) Transitions/Pre-transitions Math
MO,1629.0,Growth Mindset,1,1,565.0,0.0476450907506871,0.0476450907506871,100.0,2.0,Growth Mindset
MS,6.0,Teach for America (TFA),2,1,571.6666666666666,0.09274873159973471,0.09274873159973471,100.0,3.5,Teach for America (TFA)
MS,17.0,Saxon Math,12,1,1693.6000000000001,0.11020461145858564,0.09383746952507925,75.0,4.333333333333333,Saxon Math
MS,214.0,Success for All®,10,1,875.5833333333333,0.15719305656822333,0.206750183071705,57.14285714285714,5.9,Success for All®
MS,290.0,"Investigations in Number, Data, and Space®",24,1,4806.400000000001,-0.035791488519723066,-0.0296202721671157,25.0,-2.125,"Investigations in Number, Data, and Space®"
MS,311.0,Scott Foresman-Addison Wesley Elementary Mathematics,6,1,1221.6000000000001,-0.09049112192376868,-0.0962381355216201,16.666666666666664,-3.8333333333333335,Scott Foresman-Addison Wesley Elementary Mathematics
MS,380.0,Transition Mathematics,3,1,220.20000000000002,0.19659720964456398,0.167228420541107,100.0,7.666666666666667,Transition Mathematics
MS,393.0,National Guard Youth ChalleNGe Program,1,1,119.60000000000001,,,,23.0,National Guard Youth ChalleNGe Program
MS,1175.0,Math Expressions,9,1,1513.5,0.05732518513555702,0.0275963385712838,88.88888888888889,2.2222222222222223,Math Expressions
MT,309.0,Accelerated Math® ,8,1,280.54166666666663,0.2946,0.249,100.0,11.6,Accelerated Math® 
NC,6.0,Teach for America (TFA),10,2,201023.0,0.11513009149269327,0.12466877479285801,100.0,4.4,Teach for America (TFA)
NC,17.0,Saxon Math,1,1,46.5625,0.112191716858976,0.112191716858976,100.0,4.0,Saxon Math
NC,19.0,Knowledge is Power Program (KIPP),41,3,40290.8455988456,0.19953975181199887,0.175708448371066,100.0,7.878048780487805,Knowledge is Power Program (KIPP)
NC,214.0,Success for All®,10,1,875.5833333333333,0.15719305656822333,0.206750183071705,57.14285714285714,5.9,Success for All®
NC,232.0,Open Court Reading©,2,1,266.0,0.225892052244969,0.225892052244969,100.0,8.0,Open Court Reading©
NC,393.0,National Guard Youth ChalleNGe Program,1,1,119.60000000000001,,,,23.0,National Guard Youth ChalleNGe Program
NC,464.0,Fast ForWord®,7,1,1562.0,,,,-7.142857142857143,Fast ForWord®
NC,483.0,Creative Curriculum for Preschool,9,1,760.5,-0.020522128170763387,-0.0414572930689729,44.44444444444444,-0.3333333333333333,Creative Curriculum for Preschool
NC,767.0,Coping Power,10,1,866.0,0.146373688023848,0.05501965,50.0,4.5,Coping Power
NC,795.0,Fast Track: Elementary School,21,1,3938.75,0.12056809650149178,0.119210382984614,71.42857142857143,4.761904761904762,Fast Track: Elementary School
NC,815.0,First Year Experience Courses for Students in Developmental Education,7,1,6133.0,,,,-1.0,First Year Experience Courses for Students in Developmental Education
NC,1043.0,Dual Enrollment Programs,43,1,40267.0,0.4820597359644002,0.365077670084222,93.02325581395348,16.302325581395348,Dual Enrollment Programs
NC,1166.0,National Board for Professional Teaching Standards (NBPTS) Certification,2,1,124.0,0.0349826630328561,0.0349826630328561,50.0,1.5,National Board for Professional Teaching Standards (NBPTS) Certification
NC,1284.0,Achieve3000®,11,1,52695.0,0.0496886341317292,0.03684879485098115,66.66666666666666,2.0,Achieve3000®
NC,1572.0,Leadership and Assistance for Science Education Reform (LASER),72,1,21627.666666666664,0.028279045182326816,0.015567806015207152,56.94444444444444,1.1527777777777777,Leadership and Assistance for Science Education Reform (LASER)
NE,17.0,Saxon Math,1,1,46.5625,0.112191716858976,0.112191716858976,100.0,4.0,Saxon Math
NE,378.0,University of Chicago School Mathematics Project (UCSMP) Algebra,1,1,36.0,-0.137794202392347,-0.137794202392347,0.0,-5.0,University of Chicago School Mathematics Project (UCSMP) Algebra
NE,440.0,Sound Partners,4,1,188.0,0.2591893979028377,0.2848229366251595,100.0,10.25,Sound Partners
NE,816.0,Saxon Algebra I,1,1,36.0,0.128758516989569,0.128758516989569,100.0,5.0,Saxon Algebra I
NE,1077.0,Xtreme Reading,7,1,1167.4444444444443,0.04607932929627497,0.0417442521507802,100.0,1.7142857142857142,Xtreme Reading
NH,216.0,Ladders to Literacy,11,2,1011.0,-0.20093680559773347,-0.128643576723282,20.0,-2.090909090909091,Ladders to Literacy
NJ,19.0,Knowledge is Power Program (KIPP),13,1,1953.909090909091,0.23452534013614063,0.266865851616145,100.0,9.307692307692308,Knowledge is Power Program (KIPP)
NJ,289.0,Houghton Mifflin Mathematics,3,1,70.66666666666666,,,,0.0,Houghton Mifflin Mathematics
NJ,311.0,Scott Foresman-Addison Wesley Elementary Mathematics,2,1,850.0,0.06644074410793266,0.06644074410793266,50.0,2.5,Scott Foresman-Addison Wesley Elementary Mathematics
NJ,397.0,Curiosity Corner,9,1,586.3333333333333,,,,2.6666666666666665,Curiosity Corner
NJ,416.0,"Ready, Set, Leap!®",16,2,4106.0,0.1080633734167977,0.120132428086389,85.71428571428571,1.8125,"Ready, Set, Leap!®"
NJ,646.0,Accelerated Middle Schools,2,1,1072.0,0.375049649537628,0.375049649537628,100.0,5.0,Accelerated Middle Schools
NJ,686.0,Tools of the Mind,6,1,1215.0,,,,3.3333333333333335,Tools of the Mind
NJ,742.0,READ 180®,50,2,44784.0,0.04702870991671726,0.0565044382266045,80.0,1.86,READ 180®
NJ,818.0,Cognitive Tutor Algebra I,6,3,4213.619047619048,0.07118220383737028,0.07118220383737028,50.0,0.8333333333333334,Cognitive Tutor Algebra I
NJ,1284.0,Achieve3000®,3,1,468.0,0.12438662207453129,0.0560413559510256,100.0,4.666666666666667,Achieve3000®
NM,309.0,Accelerated Math® ,8,1,280.54166666666663,0.2946,0.249,100.0,11.6,Accelerated Math® 
NM,380.0,Transition Mathematics,3,1,220.20000000000002,0.19659720964456398,0.167228420541107,100.0,7.666666666666667,Transition Mathematics
NM,393.0,National Guard Youth ChalleNGe Program,1,1,119.60000000000001,,,,23.0,National Guard Youth ChalleNGe Program
NM,752.0,First Step to Success,10,1,1922.0,0.3791707699327317,0.443973382884578,80.0,15.4,First Step to Success
NM,814.0,Summer Counseling,7,1,5344.0,0.010037215012951486,-0.0690375500681157,28.57142857142857,0.14285714285714285,Summer Counseling
NM,1572.0,Leadership and Assistance for Science Education Reform (LASER),72,1,21627.666666666664,0.028279045182326816,0.015567806015207152,56.94444444444444,1.1527777777777777,Leadership and Assistance for Science Education Reform (LASER)
NV,17.0,Saxon Math,13,2,1740.1625000000001,0.11035746572015413,0.104091093612701,76.92307692307693,4.3076923076923075,Saxon Math
NV,274.0,Phonological Awareness Training,5,2,100.0,-0.1958848679704991,-0.1958848679704991,0.0,13.4,Phonological Awareness Training
NV,290.0,"Investigations in Number, Data, and Space®",24,1,4806.400000000001,-0.035791488519723066,-0.0296202721671157,25.0,-2.125,"Investigations in Number, Data, and Space®"
NV,311.0,Scott Foresman-Addison Wesley Elementary Mathematics,6,1,1221.6000000000001,-0.09049112192376868,-0.0962381355216201,16.666666666666664,-3.8333333333333335,Scott Foresman-Addison Wesley Elementary Mathematics
NV,1175.0,Math Expressions,9,1,1513.5,0.05732518513555702,0.0275963385712838,88.88888888888889,2.2222222222222223,Math Expressions
NY,17.0,Saxon Math,13,2,1740.1625000000001,0.11035746572015413,0.104091093612701,76.92307692307693,4.3076923076923075,Saxon Math
NY,19.0,Knowledge is Power Program (KIPP),41,3,40290.8455988456,0.19953975181199887,0.175708448371066,100.0,7.878048780487805,Knowledge is Power Program (KIPP)
NY,83.0,Open Learning Initiative (OLI),4,1,1049.5,0.14032134158796683,0.1264856576979925,100.0,5.5,Open Learning Initiative (OLI)
NY,271.0,Dialogic Reading,4,1,268.0,0.1757013239269874,0.196433431338067,75.0,7.25,Dialogic Reading
NY,275.0,Phonological Awareness Training plus Letter Knowledge Training,12,1,1548.0,0.1792949007943778,0.1425211031989275,91.66666666666666,7.25,Phonological Awareness Training plus Letter Knowledge Training
NY,290.0,"Investigations in Number, Data, and Space®",24,1,4806.400000000001,-0.035791488519723066,-0.0296202721671157,25.0,-2.125,"Investigations in Number, Data, and Space®"
NY,305.0,Progress in Mathematics,2,1,183.5,0.07112031012624301,0.07112031012624301,50.0,2.5,Progress in Mathematics
NY,311.0,Scott Foresman-Addison Wesley Elementary Mathematics,6,1,1221.6000000000001,-0.09049112192376868,-0.0962381355216201,16.666666666666664,-3.8333333333333335,Scott Foresman-Addison Wesley Elementary Mathematics
NY,425.0,Pre-K Mathematics,24,2,3437.5,0.2106436137689918,0.116884117481694,100.0,8.208333333333334,Pre-K Mathematics
NY,430.0,Let's Begin with the Letter People®,6,1,1849.0,0.0218246741557639,0.0218246741557639,100.0,10.333333333333334,Let's Begin with the Letter People®
NY,465.0,Waterford Early Reading Level One,8,1,2022.0,0.1250168224985646,0.13440763797261823,75.0,5.0,Waterford Early Reading Level One
NY,536.0,Building Blocks for Math/SRA Real Math Building Blocks,3,2,316.0,1.0736569328647667,1.06363649373876,100.0,35.0,Building Blocks for Math/SRA Real Math Building Blocks
NY,621.0,New Chance,1,1,207.9,,,,8.0,New Chance
NY,623.0,JOBSTART,4,1,431.22222222222223,,,,13.75,JOBSTART
NY,718.0,Service and Conservation Corps,1,1,156.5,,,,-2.0,Service and Conservation Corps
NY,742.0,READ 180®,2,1,896.0,0.1810194141252785,0.1810194141252785,100.0,7.0,READ 180®
NY,763.0,Social Skills Training,2,1,76.0,0.6968724002299189,0.6968724002299189,100.0,24.0,Social Skills Training
NY,797.0,Linked Learning Communities,34,2,23500.0,,,,2.2058823529411766,Linked Learning Communities
NY,1072.0,Accelerated Study in Associate Programs (ASAP),36,1,28670.0,0.34607472826136254,0.29180158945736845,100.0,13.382352941176471,Accelerated Study in Associate Programs (ASAP)
NY,1077.0,Xtreme Reading,7,1,1167.4444444444443,0.04607932929627497,0.0417442521507802,100.0,1.7142857142857142,Xtreme Reading
NY,1175.0,Math Expressions,9,1,1513.5,0.05732518513555702,0.0275963385712838,88.88888888888889,2.2222222222222223,Math Expressions
NY,1181.0,Literacy Design Collaborative (LDC),2,1,6896.0,-0.03308698155955295,-0.03308698155955295,0.0,-1.5,Literacy Design Collaborative (LDC)
NY,1287.0,Leveled Literacy Intervention,34,1,1953.5,0.3231532575010971,0.24895804886850098,97.05882352941177,11.911764705882353,Leveled Literacy Intervention
NY,1517.0,Bottom Line,7,1,6491.0,0.18148173294825373,0.340864516763396,71.42857142857143,7.142857142857143,Bottom Line
NY,1581.0,Year Up,14,2,833.0416666666666,0.025809986101570544,0.1307178235113785,71.42857142857143,1.5714285714285714,Year Up
NY,1623.0,Single Stop,4,1,9621.0,0.0839547112438706,0.0593227093463462,75.0,3.5,Single Stop
NY,2151.0,Building Blocks&trade;,3,2,975.3333333333333,0.900438486312674,1.07474490897296,100.0,31.0,Building Blocks&trade;
OH,1.0,Cooperative Integrated Reading and Composition (CIRC),2,1,784.0,0.1009793891950454,0.1009793891950454,100.0,3.5,Cooperative Integrated Reading and Composition (CIRC)
OH,209.0,Reading Recovery®,10,2,748.0,0.5748429037727709,0.496075300358796,100.0,21.1,Reading Recovery®
OH,214.0,Success for All®,10,1,875.5833333333333,0.15719305656822333,0.206750183071705,57.14285714285714,5.9,Success for All®
OH,269.0,Lions Quest -- Skills for Action,1,1,104.28571428571428,0.127630114071465,0.127630114071465,100.0,5.0,Lions Quest -- Skills for Action
OH,277.0,Shared Book Reading,2,1,283.0,0.1550845546393858,0.1550845546393858,100.0,6.0,Shared Book Reading
OH,309.0,Accelerated Math® ,8,1,280.54166666666663,0.2946,0.249,100.0,11.6,Accelerated Math® 
OH,311.0,Scott Foresman-Addison Wesley Elementary Mathematics,2,1,850.0,0.06644074410793266,0.06644074410793266,50.0,2.5,Scott Foresman-Addison Wesley Elementary Mathematics
OH,316.0,High School Redirection,2,1,1804.0,,,,4.5,High School Redirection
OH,323.0,Quantum Opportunity Program,2,1,280.0,0.0454642744943638,0.0454642744943638,100.0,3.0,Quantum Opportunity Program
OH,361.0,Voyager Universal Literacy System®,7,1,1393.0,0.45525812958537654,0.484304176259957,100.0,16.857142857142858,Voyager Universal Literacy System®
OH,365.0,Financial Incentives for Teen Parents to Stay in School,3,1,2739.0,,,,3.6666666666666665,Financial Incentives for Teen Parents to Stay in School
OH,380.0,Transition Mathematics,3,1,220.20000000000002,0.19659720964456398,0.167228420541107,100.0,7.666666666666667,Transition Mathematics
OH,464.0,Fast ForWord®,2,2,399.0,0.250564453637396,0.250564453637396,100.0,10.0,Fast ForWord®
OH,616.0,Waterford Early Reading Program,10,1,760.0,0.46686393524501996,0.7886732438340605,70.0,15.6,Waterford Early Reading Program
OH,742.0,READ 180®,5,2,1364.3333333333333,0.2783313083929609,0.237108477373884,100.0,10.6,READ 180®
OH,750.0,Core-Plus Mathematics,9,1,462.72727272727275,0.3750378161015652,0.289480191481847,77.77777777777779,13.0,Core-Plus Mathematics
OH,1072.0,Accelerated Study in Associate Programs (ASAP),11,1,16511.0,0.13004487480817392,0.370261670675956,90.9090909090909,10.909090909090908,Accelerated Study in Associate Programs (ASAP)
OH,1279.0,Prentice Hall/Pearson Literature© (2007-15),2,1,527.25,-0.01469072360644005,-0.01469072360644005,50.0,-0.5,Prentice Hall/Pearson Literature© (2007-15)
OK,17.0,Saxon Math,4,2,280.5625,0.304872453012475,0.329717638680333,100.0,11.75,Saxon Math
OK,309.0,Accelerated Math® ,16,3,2960.5416666666665,0.18269230769230768,0.232,84.61538461538461,7.3076923076923075,Accelerated Math® 
OK,818.0,Cognitive Tutor Algebra I,1,1,255.0,0.377240943733224,0.377240943733224,100.0,15.0,Cognitive Tutor Algebra I
OR,17.0,Saxon Math,1,1,46.5625,0.112191716858976,0.112191716858976,100.0,4.0,Saxon Math
OR,210.0,Accelerated Reader,7,1,270.0,0.046174554626689526,0.021699773721028,57.14285714285714,2.0,Accelerated Reader
OR,214.0,Success for All®,8,1,1336.0,0.26023445194372347,0.252836245394248,100.0,10.0,Success for All®
OR,290.0,"Investigations in Number, Data, and Space®",2,1,83.25,0.11467330185640134,0.11467330185640134,50.0,4.5,"Investigations in Number, Data, and Space®"
OR,309.0,Accelerated Math® ,8,1,280.54166666666663,0.2946,0.249,100.0,11.6,Accelerated Math® 
OR,374.0,Start Making a Reader Today (SMART),5,1,420.0,0.5104968605022211,0.452466392065137,100.0,15.6,Start Making a Reader Today (SMART)
OR,434.0,Summer Training and Education Program (STEP),4,1,1285.5,,,,-0.75,Summer Training and Education Program (STEP)
OR,621.0,New Chance,1,1,207.9,,,,8.0,New Chance
OR,726.0,Project CRISS®,3,1,578.125,-0.0166493649416042,-0.0321735993734571,33.33333333333333,-0.6666666666666666,Project CRISS®
OR,729.0,Reading Mastery,3,1,48.0,0.7686536896478939,0.71438822397755,100.0,27.333333333333332,Reading Mastery
OR,752.0,First Step to Success,5,1,230.0,0.976661600030738,1.08149990936483,100.0,29.4,First Step to Success
OR,1279.0,Prentice Hall/Pearson Literature© (2007-15),2,1,527.25,-0.01469072360644005,-0.01469072360644005,50.0,-0.5,Prentice Hall/Pearson Literature© (2007-15)
PA,1.0,Cooperative Integrated Reading and Composition (CIRC),3,1,960.0,0.35622759146301747,0.193955979963255,100.0,13.0,Cooperative Integrated Reading and Composition (CIRC)
PA,19.0,Knowledge is Power Program (KIPP),19,2,2417.6233766233768,0.20597782121433061,0.175708448371066,100.0,8.157894736842104,Knowledge is Power Program (KIPP)
PA,83.0,Open Learning Initiative (OLI),2,2,337.0,0.2402569113143986,0.2402569113143986,50.0,9.0,Open Learning Initiative (OLI)
PA,117.0,Heartwood Ethics Curriculum/An Ethics Curriculum for Children,7,1,1511.5,0.09188581215146151,0.10074104966565,57.14285714285714,1.8571428571428572,Heartwood Ethics Curriculum/An Ethics Curriculum for Children
PA,214.0,Success for All®,10,1,875.5833333333333,0.15719305656822333,0.206750183071705,57.14285714285714,5.9,Success for All®
PA,229.0,Failure Free Reading,7,1,651.0,0.10249572320073226,0.089256198347108,71.42857142857143,4.0,Failure Free Reading
PA,277.0,Shared Book Reading,3,1,108.0,0.31629399101415107,0.31629399101415107,50.0,18.666666666666668,Shared Book Reading
PA,305.0,Progress in Mathematics,2,1,183.5,0.07112031012624301,0.07112031012624301,50.0,2.5,Progress in Mathematics
PA,309.0,Accelerated Math® ,8,1,280.54166666666663,0.2946,0.249,100.0,11.6,Accelerated Math® 
PA,321.0,Career Academies,3,1,710.1666666666666,0.0899708731321358,0.0899708731321358,100.0,7.0,Career Academies
PA,323.0,Quantum Opportunity Program,2,1,280.0,0.0454642744943638,0.0454642744943638,100.0,3.0,Quantum Opportunity Program
PA,383.0,Corrective Reading,14,1,1155.0,0.15339227224006474,0.1255323383084575,100.0,6.142857142857143,Corrective Reading
PA,461.0,Talent Development High Schools,2,1,22.0,,,,7.0,Talent Development High Schools
PA,464.0,Fast ForWord®,1,1,293.0,0.385137326234678,0.385137326234678,100.0,15.0,Fast ForWord®
PA,570.0,SpellRead,14,1,1372.0,0.1579223671219216,0.0744119748375065,92.85714285714286,6.428571428571429,SpellRead
PA,611.0,Talent Development Middle Grades Program,8,1,122.0,,,,2.75,Talent Development Middle Grades Program
PA,621.0,New Chance,1,1,207.9,,,,8.0,New Chance
PA,623.0,JOBSTART,4,1,431.22222222222223,,,,13.75,JOBSTART
PA,652.0,Odyssey® Math,1,1,207.0,0.446329444164854,0.446329444164854,100.0,17.0,Odyssey® Math
PA,738.0,Wilson Reading System®,7,1,497.0,0.25958253555967814,0.201115151515151,100.0,10.142857142857142,Wilson Reading System®
PA,795.0,Fast Track: Elementary School,21,1,3938.75,0.12056809650149178,0.119210382984614,71.42857142857143,4.761904761904762,Fast Track: Elementary School
PA,814.0,Summer Counseling,12,1,9686.666666666666,0.052381933073295146,0.06934858056794045,66.66666666666666,2.0833333333333335,Summer Counseling
PA,818.0,Cognitive Tutor Algebra I,2,1,364.0,0.50175386542244,0.50175386542244,100.0,19.0,Cognitive Tutor Algebra I
PA,1623.0,Single Stop,6,1,3456.0,0.25777930850361774,0.25314293038345,100.0,9.166666666666666,Single Stop
RI,814.0,Summer Counseling,4,1,648.0,0.22856997874102,0.3368574859661365,75.0,8.75,Summer Counseling
RI,1581.0,Year Up,14,2,833.0416666666666,0.025809986101570544,0.1307178235113785,71.42857142857143,1.5714285714285714,Year Up
SC,17.0,Saxon Math,12,1,1693.6000000000001,0.11020461145858564,0.09383746952507925,75.0,4.333333333333333,Saxon Math
SC,269.0,Lions Quest -- Skills for Action,1,1,104.28571428571428,0.127630114071465,0.127630114071465,100.0,5.0,Lions Quest -- Skills for Action
SC,289.0,Houghton Mifflin Mathematics,3,1,70.66666666666666,,,,0.0,Houghton Mifflin Mathematics
SC,290.0,"Investigations in Number, Data, and Space®",26,2,4889.650000000001,-0.014296518465991007,-0.023645137060072,28.57142857142857,-1.6153846153846154,"Investigations in Number, Data, and Space®"
SC,309.0,Accelerated Math® ,2,1,321.75,0.14795002795549989,0.14795002795549989,100.0,5.5,Accelerated Math® 
SC,311.0,Scott Foresman-Addison Wesley Elementary Mathematics,6,1,1221.6000000000001,-0.09049112192376868,-0.0962381355216201,16.666666666666664,-3.8333333333333335,Scott Foresman-Addison Wesley Elementary Mathematics
SC,464.0,Fast ForWord®,2,1,100.0,0.30226303701491253,0.30226303701491253,100.0,11.5,Fast ForWord®
SC,727.0,Reciprocal Teaching,1,1,118.0,0.258463442342997,0.258463442342997,100.0,10.0,Reciprocal Teaching
SC,750.0,Core-Plus Mathematics,9,1,462.72727272727275,0.3750378161015652,0.289480191481847,77.77777777777779,13.0,Core-Plus Mathematics
SC,1077.0,Xtreme Reading,7,1,1167.4444444444443,0.04607932929627497,0.0417442521507802,100.0,1.7142857142857142,Xtreme Reading
SC,1166.0,National Board for Professional Teaching Standards (NBPTS) Certification,37,2,29249.0,0.08096875718664057,0.0922676994716577,78.37837837837837,3.27027027027027,National Board for Professional Teaching Standards (NBPTS) Certification
SC,1175.0,Math Expressions,9,1,1513.5,0.05732518513555702,0.0275963385712838,88.88888888888889,2.2222222222222223,Math Expressions
SD,1077.0,Xtreme Reading,7,1,1167.4444444444443,0.04607932929627497,0.0417442521507802,100.0,1.7142857142857142,Xtreme Reading
TN,7.0,Peer-Assisted Learning Strategies,13,2,1912.3333333333333,0.05871272920653929,-0.193672982678959,46.15384615384615,1.3846153846153846,Peer-Assisted Learning Strategies
TN,17.0,Saxon Math,1,1,46.5625,0.112191716858976,0.112191716858976,100.0,4.0,Saxon Math
TN,19.0,Knowledge is Power Program (KIPP),35,2,39827.131313131315,0.20903944694255713,0.229968288983869,100.0,8.257142857142858,Knowledge is Power Program (KIPP)
TN,210.0,Accelerated Reader,1,1,178.0,0.306012284735698,0.306012284735698,100.0,12.0,Accelerated Reader
TN,216.0,Ladders to Literacy,3,1,813.0,,,,0.0,Ladders to Literacy
TN,269.0,Lions Quest -- Skills for Action,1,1,104.28571428571428,0.127630114071465,0.127630114071465,100.0,5.0,Lions Quest -- Skills for Action
TN,271.0,Dialogic Reading,3,1,225.0,0.1443649540665403,0.0420984649497997,66.66666666666666,5.333333333333333,Dialogic Reading
TN,309.0,Accelerated Math® ,8,1,280.54166666666663,0.2946,0.249,100.0,11.6,Accelerated Math® 
TN,323.0,Quantum Opportunity Program,2,1,280.0,0.0454642744943638,0.0454642744943638,100.0,3.0,Quantum Opportunity Program
TN,480.0,Bright Beginnings,9,1,1778.0,0.164690790828171,0.164690790828171,100.0,4.666666666666667,Bright Beginnings
TN,483.0,Creative Curriculum for Preschool,9,1,1736.0,0.1335845247763703,0.12428123003778,66.66666666666666,1.4444444444444444,Creative Curriculum for Preschool
TN,652.0,Odyssey® Math,1,1,105.0,0.464793110773312,0.464793110773312,100.0,18.0,Odyssey® Math
TN,764.0,Milieu Teaching,9,1,360.0,0.24591934819448097,0.052566583007571,55.55555555555556,3.2222222222222223,Milieu Teaching
TN,795.0,Fast Track: Elementary School,21,1,3938.75,0.12056809650149178,0.119210382984614,71.42857142857143,4.761904761904762,Fast Track: Elementary School
TN,814.0,Summer Counseling,3,1,4921.5,0.10440974808460513,0.0854826225064468,66.66666666666666,4.0,Summer Counseling
TN,1241.0,Functional Behavioral Assessment-based Interventions,4,2,4.0,,,,,Functional Behavioral Assessment-based Interventions
TN,2151.0,Building Blocks&trade;,1,1,571.3333333333333,0.551825640992102,0.551825640992102,100.0,21.0,Building Blocks&trade;
TX,6.0,Teach for America (TFA),11,3,38926.666666666664,0.08684052466415859,0.0449414596173168,90.9090909090909,3.4545454545454546,Teach for America (TFA)
TX,7.0,Peer-Assisted Learning Strategies,9,2,1859.3333333333333,0.5824099466865463,0.611341342315538,100.0,21.11111111111111,Peer-Assisted Learning Strategies
TX,17.0,Saxon Math,16,4,10781.1625,0.1244441505340213,0.119639475993664,81.25,4.875,Saxon Math
TX,19.0,Knowledge is Power Program (KIPP),41,3,40290.8455988456,0.19953975181199887,0.175708448371066,100.0,7.878048780487805,Knowledge is Power Program (KIPP)
TX,21.0,Bilingual Cooperative Integrated Reading and Composition (BCIRC),2,1,170.0,0.445437988166216,0.445437988166216,100.0,17.0,Bilingual Cooperative Integrated Reading and Composition (BCIRC)
TX,99.0,ACT/SAT Test Preparation and Coaching Programs,3,1,72.0,0.28460166317624097,0.258278171058681,100.0,11.0,ACT/SAT Test Preparation and Coaching Programs
TX,187.0,Lessons in Character,1,1,61.0,0.105643833564102,0.105643833564102,100.0,4.0,Lessons in Character
TX,207.0,Everyday Mathematics®,1,1,3436.0,0.271061737973731,0.271061737973731,100.0,11.0,Everyday Mathematics®
TX,210.0,Accelerated Reader,3,1,2795.0,0.04328368350149636,0.0568573494339949,66.66666666666666,1.6666666666666667,Accelerated Reader
TX,232.0,Open Court Reading©,2,1,266.0,0.225892052244969,0.225892052244969,100.0,8.0,Open Court Reading©
TX,247.0,Peer Tutoring and Response Groups,4,1,184.0,0.45719569136068205,0.473975940351536,100.0,17.25,Peer Tutoring and Response Groups
TX,256.0,Enhanced Proactive Reading,13,2,894.0,0.42548573577338067,0.319390758336245,92.3076923076923,14.153846153846153,Enhanced Proactive Reading
TX,277.0,Shared Book Reading,6,2,368.0,0.08054790170107838,0.0858429390181685,83.33333333333334,3.1666666666666665,Shared Book Reading
TX,290.0,"Investigations in Number, Data, and Space®",24,1,4806.400000000001,-0.035791488519723066,-0.0296202721671157,25.0,-2.125,"Investigations in Number, Data, and Space®"
TX,309.0,Accelerated Math® ,10,2,602.2916666666666,0.2527000079872857,0.243,100.0,9.857142857142858,Accelerated Math® 
TX,311.0,Scott Foresman-Addison Wesley Elementary Mathematics,6,1,1221.6000000000001,-0.09049112192376868,-0.0962381355216201,16.666666666666664,-3.8333333333333335,Scott Foresman-Addison Wesley Elementary Mathematics
TX,320.0,Talent Search,2,1,9854.0,,,,7.0,Talent Search
TX,321.0,Career Academies,3,1,710.1666666666666,0.0899708731321358,0.0899708731321358,100.0,7.0,Career Academies
TX,323.0,Quantum Opportunity Program,2,1,280.0,0.0454642744943638,0.0454642744943638,100.0,3.0,Quantum Opportunity Program
TX,325.0,Read Naturally,3,1,180.0,-0.021496101050943905,-0.0522603116615447,33.33333333333333,-1.0,Read Naturally
TX,393.0,National Guard Youth ChalleNGe Program,1,1,119.60000000000001,,,,23.0,National Guard Youth ChalleNGe Program
TX,430.0,Let's Begin with the Letter People®,9,2,2197.0,0.17378823189563777,0.202584787837081,100.0,0.3333333333333333,Let's Begin with the Letter People®
TX,460.0,Project GRAD,3,1,39.0,,,,-4.0,Project GRAD
TX,529.0,Successmaker,23,1,887.7142857142857,0.021395209620030203,0.0159998686824148,52.17391304347826,0.782608695652174,Successmaker
TX,550.0,Doors to Discovery,5,2,1096.0,0.200947810529929,0.200947810529929,100.0,2.0,Doors to Discovery
TX,620.0,First Things First,1,1,14.0,,,,-1.0,First Things First
TX,623.0,JOBSTART,4,1,431.22222222222223,,,,13.75,JOBSTART
TX,726.0,Project CRISS®,3,1,578.125,-0.0166493649416042,-0.0321735993734571,33.33333333333333,-0.6666666666666666,Project CRISS®
TX,742.0,READ 180®,3,1,187.33333333333331,0.34881339986456966,0.237108477373884,100.0,13.0,READ 180®
TX,750.0,Core-Plus Mathematics,9,1,462.72727272727275,0.3750378161015652,0.289480191481847,77.77777777777779,13.0,Core-Plus Mathematics
TX,797.0,Linked Learning Communities,18,1,6876.0,,,,1.2777777777777777,Linked Learning Communities
TX,798.0,Developmental Summer Bridge Programs,17,1,15721.0,,,,0.7647058823529411,Developmental Summer Bridge Programs
TX,814.0,Summer Counseling,12,1,9686.666666666666,0.052381933073295146,0.06934858056794045,66.66666666666666,2.0833333333333335,Summer Counseling
TX,818.0,Cognitive Tutor Algebra I,6,3,4213.619047619048,0.07118220383737028,0.07118220383737028,50.0,0.8333333333333334,Cognitive Tutor Algebra I
TX,825.0,First year experience courses,1,1,1296.0,,,,14.0,First year experience courses
TX,1043.0,Dual Enrollment Programs,7,2,216482.0,,,,14.0,Dual Enrollment Programs
TX,1077.0,Xtreme Reading,7,1,1167.4444444444443,0.04607932929627497,0.0417442521507802,100.0,1.7142857142857142,Xtreme Reading
TX,1175.0,Math Expressions,9,1,1513.5,0.05732518513555702,0.0275963385712838,88.88888888888889,2.2222222222222223,Math Expressions
TX,1194.0,Integrated Basic Education and Skills Training (I-BEST),5,1,1294.25,0.357605673807994,0.357605673807994,100.0,5.8,Integrated Basic Education and Skills Training (I-BEST)
TX,1572.0,Leadership and Assistance for Science Education Reform (LASER),72,1,21627.666666666664,0.028279045182326816,0.015567806015207152,56.94444444444444,1.1527777777777777,Leadership and Assistance for Science Education Reform (LASER)
TX,1602.0,Dana Center Mathematics Pathways,30,3,140792.0,0.30433257928812135,0.242390032510745,82.75862068965517,11.310344827586206,Dana Center Mathematics Pathways
TX,1629.0,Growth Mindset,12,1,30696.0,0.06950207895509128,0.06549700506920375,75.0,2.8333333333333335,Growth Mindset
TX,1946.0,Project QUEST,27,3,18792.0,0.1851603932072766,0.183818312233098,92.5925925925926,7.185185185185185,Project QUEST
UT,17.0,Saxon Math,1,1,46.5625,0.112191716858976,0.112191716858976,100.0,4.0,Saxon Math
UT,211.0,DaisyQuest,4,1,108.0,0.8997927674673134,0.8997927674673134,100.0,31.5,DaisyQuest
UT,1077.0,Xtreme Reading,7,1,1167.4444444444443,0.04607932929627497,0.0417442521507802,100.0,1.7142857142857142,Xtreme Reading
UT,1241.0,Functional Behavioral Assessment-based Interventions,2,1,2.0,,,,,Functional Behavioral Assessment-based Interventions
VA,17.0,Saxon Math,1,1,46.5625,0.112191716858976,0.112191716858976,100.0,4.0,Saxon Math
VA,277.0,Shared Book Reading,2,1,283.0,0.1550845546393858,0.1550845546393858,100.0,6.0,Shared Book Reading
VA,309.0,Accelerated Math® ,8,1,280.54166666666663,0.2946,0.249,100.0,11.6,Accelerated Math® 
VA,311.0,Scott Foresman-Addison Wesley Elementary Mathematics,2,1,278.75,-0.0478485262082611,-0.0478485262082611,50.0,-2.0,Scott Foresman-Addison Wesley Elementary Mathematics
VA,326.0,Vocabulary Improvement Program for English Language Learners and Their Classmates (VIP),6,1,32.0,0.42597808017449806,0.4391422737381395,83.33333333333334,16.0,Vocabulary Improvement Program for English Language Learners and Their Classmates (VIP)
VA,377.0,Words and Concepts,2,1,156.0,0.11003680255851585,0.11003680255851585,100.0,4.5,Words and Concepts
VA,380.0,Transition Mathematics,3,1,220.20000000000002,0.19659720964456398,0.167228420541107,100.0,7.666666666666667,Transition Mathematics
VA,464.0,Fast ForWord®,7,1,168.0,0.03978777936043136,-0.0330051608931451,42.857142857142854,1.7142857142857142,Fast ForWord®
VA,801.0,My Teaching Partner-Secondary (MPT-S),2,1,2237.0,0.13668248129596838,0.13668248129596838,100.0,5.5,My Teaching Partner-Secondary (MPT-S)
VA,1077.0,Xtreme Reading,7,1,1167.4444444444443,0.04607932929627497,0.0417442521507802,100.0,1.7142857142857142,Xtreme Reading
VA,1448.0,Passport Reading Journeys,12,1,4845.0,0.06215542468046815,0.05955387463284405,75.0,2.5,Passport Reading Journeys
WA,17.0,Saxon Math,1,1,46.5625,0.112191716858976,0.112191716858976,100.0,4.0,Saxon Math
WA,212.0,Direct Instruction,7,1,1148.0,-0.02696360182847183,-0.0372098398070172,28.57142857142857,0.42857142857142855,Direct Instruction
WA,214.0,Success for All®,8,1,1520.0,-0.1137228686999098,-0.09014106966141605,0.0,-0.625,Success for All®
WA,247.0,Peer Tutoring and Response Groups,6,1,180.0,0.7572929890152782,0.496112866530965,83.33333333333334,22.0,Peer Tutoring and Response Groups
WA,271.0,Dialogic Reading,6,1,198.0,0.47163344846840555,0.09218990036954114,83.33333333333334,14.333333333333334,Dialogic Reading
WA,274.0,Phonological Awareness Training,28,4,643.0,0.596097106203526,0.41221070045672303,71.42857142857143,18.857142857142858,Phonological Awareness Training
WA,309.0,Accelerated Math® ,8,1,280.54166666666663,0.2946,0.249,100.0,11.6,Accelerated Math® 
WA,311.0,Scott Foresman-Addison Wesley Elementary Mathematics,2,1,278.75,-0.0478485262082611,-0.0478485262082611,50.0,-2.0,Scott Foresman-Addison Wesley Elementary Mathematics
WA,318.0,Middle College High School,2,1,788.0,,,,-0.5,Middle College High School
WA,323.0,Quantum Opportunity Program,2,1,280.0,0.0454642744943638,0.0454642744943638,100.0,3.0,Quantum Opportunity Program
WA,325.0,Read Naturally,3,1,60.0,0.0029153976854493315,-0.10686724858169,33.33333333333333,0.0,Read Naturally
WA,380.0,Transition Mathematics,3,1,220.20000000000002,0.19659720964456398,0.167228420541107,100.0,7.666666666666667,Transition Mathematics
WA,434.0,Summer Training and Education Program (STEP),4,1,1285.5,,,,-0.75,Summer Training and Education Program (STEP)
WA,440.0,Sound Partners,7,1,280.0,0.29265974353727114,0.283966025378086,100.0,11.428571428571429,Sound Partners
WA,464.0,Fast ForWord®,2,1,335.0,0.062394577349336455,0.062394577349336455,100.0,2.0,Fast ForWord®
WA,718.0,Service and Conservation Corps,1,1,156.5,,,,-2.0,Service and Conservation Corps
WA,766.0,The Incredible Years,3,1,153.0,0.738857161741752,0.626387544225256,100.0,19.333333333333332,The Incredible Years
WA,795.0,Fast Track: Elementary School,21,1,3938.75,0.12056809650149178,0.119210382984614,71.42857142857143,4.761904761904762,Fast Track: Elementary School
WA,1166.0,National Board for Professional Teaching Standards (NBPTS) Certification,33,1,12886156.0,0.026209546573803102,0.026209546573803102,100.0,1.25,National Board for Professional Teaching Standards (NBPTS) Certification
WA,1194.0,Integrated Basic Education and Skills Training (I-BEST),5,1,2106.0,0.1749181416531211,0.494391461597836,60.0,7.0,Integrated Basic Education and Skills Training (I-BEST)
WA,1279.0,Prentice Hall/Pearson Literature© (2007-15),9,1,1666.0,0.003192531396614089,-0.0079294074023467,44.44444444444444,0.2222222222222222,Prentice Hall/Pearson Literature© (2007-15)
WA,1487.0,Promoting Alternative THinking Strategies (PATHS) ,11,1,1284.0,0.09338520102369471,0.0,14.285714285714285,3.4285714285714284,Promoting Alternative THinking Strategies (PATHS) 
WA,1581.0,Year Up,1,1,232.375,1.0008220792979,1.0008220792979,100.0,34.0,Year Up
WI,309.0,Accelerated Math® ,8,1,280.54166666666663,0.2946,0.249,100.0,11.6,Accelerated Math® 
WI,393.0,National Guard Youth ChalleNGe Program,1,1,119.60000000000001,,,,23.0,National Guard Youth ChalleNGe Program
WI,726.0,Project CRISS®,3,1,578.125,-0.0166493649416042,-0.0321735993734571,33.33333333333333,-0.6666666666666666,Project CRISS®
WI,742.0,READ 180®,2,1,1236.0,,,,6.5,READ 180®
WI,743.0,Lovaas Model of Applied Behavior Analysis,6,1,138.0,0.08179720464885204,0.08058067581822365,66.66666666666666,3.0,Lovaas Model of Applied Behavior Analysis
WV,269.0,Lions Quest -- Skills for Action,1,1,104.28571428571428,0.127630114071465,0.127630114071465,100.0,5.0,Lions Quest -- Skills for Action
WY,311.0,Scott Foresman-Addison Wesley Elementary Mathematics,2,1,278.75,-0.0478485262082611,-0.0478485262082611,50.0,-2.0,Scott Foresman-Addison Wesley Elementary Mathematics
